origin,destination,packages
187,54,400
187,244,1
187,216,454
187,109,182
187,67,188
187,223,493
187,78,3
187,179,7
187,245,692
187,35,2
254,94,1325
292,13,184
292,54,544
292,47,329
292,213,233
292,216,3
292,67,172
292,278,1544
292,71,1907
292,94,1439
292,60,450
292,287,104
292,37,503
292,93,182
292,275,1109
292,49,1202
292,79,1215
292,3,182
292,61,182
292,70,340
292,239,364
292,76,362
292,293,325
292,43,502
292,4,178
292,2,335
292,245,297
292,273,182
292,296,2699
292,234,528
292,21,326
292,255,363
292,44,253
292,262,1161
292,220,355
292,221,182
292,236,182
292,259,179
292,104,364
207,54,582
247,287,53
247,78,34
241,94,1129
150,183,181
150,208,2
150,44,1255
150,191,1
150,262,45
150,220,310
91,54,113
91,78,1
91,179,2
82,171,52
69,171,364
101,54,494
101,94,546
101,275,166
8,54,1075
8,109,16
8,179,7
64,171,23
64,89,18
269,54,624
269,213,1200
269,216,588
269,109,501
269,67,494
269,142,178
269,223,539
269,287,354
269,78,105
269,49,182
269,239,552
269,76,364
269,293,57
269,245,908
269,35,182
269,59,1
269,236,199
100,293,160
13,292,182
13,278,1342
13,71,362
13,94,1297
13,275,366
13,49,182
13,259,1
171,82,52
171,69,364
171,64,41
171,54,45
171,31,519
171,29,182
171,67,45
171,71,221
171,94,61
171,89,23
171,223,47
171,90,1699
171,124,135
171,275,83
171,274,569
171,49,145
171,79,97
171,293,378
171,260,183
171,245,242
171,198,363
171,273,239
171,296,182
171,249,182
171,255,2953
171,44,55
171,262,226
282,54,6
282,71,2148
282,279,1
282,79,219
282,250,1
282,245,296
282,296,109
282,68,1
282,44,54
282,262,371
54,187,399
54,292,544
54,207,582
54,91,113
54,101,494
54,8,1076
54,269,623
54,171,45
54,282,5
54,133,428
54,47,1136
54,123,749
54,175,363
54,17,1027
54,271,177
54,244,1372
54,298,1241
54,75,1474
54,121,16
54,294,2878
54,155,459
54,188,1392
54,195,219
54,87,1838
54,213,2853
54,264,26
54,128,1233
54,36,1881
54,10,955
54,240,434
54,227,2220
54,261,175
54,216,1505
54,109,3745
54,106,798
54,57,345
54,33,5
54,99,670
54,32,691
54,67,1406
54,22,1433
54,157,2056
54,142,3633
54,71,2973
54,94,4868
54,228,698
54,197,527
54,223,2796
54,217,97
54,60,233
54,114,630
54,127,434
54,287,3910
54,1,548
54,192,1006
54,193,5
54,210,3848
54,18,314
54,65,1612
54,163,135
54,174,334
54,194,513
54,232,1011
54,39,1715
54,184,93
54,251,330
54,41,674
54,11,1345
54,118,1266
54,209,473
54,108,97
54,15,482
54,124,352
54,37,1838
54,131,1052
54,242,1224
54,93,2586
54,275,2782
54,97,1567
54,66,965
54,176,1710
54,177,214
54,95,58
54,256,1320
54,267,2861
54,78,996
54,49,2423
54,51,236
54,79,2764
54,72,1028
54,231,487
54,179,5517
54,158,1284
54,63,61
54,166,322
54,70,1991
54,80,413
54,239,4772
54,205,951
54,76,1611
54,266,330
54,290,2377
54,137,9
54,161,1205
54,139,459
54,55,3341
54,235,1782
54,48,1020
54,58,1257
54,219,491
54,111,1136
54,250,201
54,293,2598
54,110,2362
54,42,26
54,28,851
54,200,523
54,43,90
54,4,913
54,125,850
54,2,464
54,245,3898
54,103,1363
54,206,2130
54,273,521
54,52,1297
54,14,1996
54,35,3366
54,296,2532
54,253,379
54,153,2238
54,283,2188
54,182,753
54,120,485
54,140,2536
54,147,2185
54,168,114
54,196,762
54,45,1267
54,154,2174
54,234,1448
54,21,1311
54,73,1995
54,59,527
54,268,121
54,24,1325
54,255,1146
54,44,1645
54,138,508
54,81,860
54,191,328
54,62,941
54,262,1509
54,220,336
54,116,678
54,112,1743
54,221,1953
54,169,245
54,129,45
54,289,1011
54,284,740
54,135,1069
54,136,119
54,236,3678
54,126,880
54,259,993
54,113,9
54,104,341
54,30,1179
54,77,455
54,146,1466
54,270,864
133,54,428
133,227,1
133,67,423
133,197,1
133,223,425
133,235,442
133,293,89
133,245,1179
133,270,1
47,292,330
47,54,1134
47,75,451
47,294,182
47,213,364
47,216,271
47,109,115
47,67,419
47,278,3443
47,71,1250
47,94,2672
47,197,1
47,60,692
47,287,474
47,210,113
47,37,1172
47,201,182
47,93,423
47,275,1850
47,176,58
47,267,176
47,78,716
47,49,652
47,79,852
47,3,347
47,180,61
47,61,286
47,70,427
47,239,251
47,76,363
47,290,546
47,293,55
47,110,334
47,43,52
47,4,88
47,2,254
47,245,1243
47,103,1
47,35,106
47,296,1390
47,140,168
47,234,354
47,255,85
47,44,243
47,191,489
47,262,318
47,116,182
47,221,95
47,236,182
47,259,88
47,104,178
123,54,748
123,67,94
123,223,369
123,287,271
123,275,212
123,239,43
123,293,182
175,54,363
175,67,131
175,223,358
175,78,2
175,179,1
175,245,356
143,67,39
143,223,739
143,170,1
143,293,181
143,245,1314
17,54,1028
17,75,182
17,213,1507
17,216,259
17,109,936
17,67,592
17,142,596
17,71,148
17,94,532
17,223,830
17,287,550
17,210,332
17,184,1
17,93,634
17,275,57
17,176,292
17,78,334
17,49,182
17,79,99
17,239,926
17,76,508
17,290,7
17,55,182
17,235,370
17,293,525
17,245,1725
17,206,189
17,35,235
17,296,182
17,140,557
17,154,120
17,62,182
17,236,696
31,171,519
295,71,275
295,145,1
295,49,82
295,79,393
295,296,634
295,234,179
295,44,519
295,262,268
295,220,176
189,223,364
271,54,177
271,294,387
271,195,1
271,67,129
271,223,390
271,287,202
271,78,49
271,293,4
244,54,1373
244,47,1
244,75,345
244,213,518
244,216,148
244,109,246
244,67,246
244,278,542
244,71,350
244,94,631
244,223,508
244,287,305
244,37,357
244,242,1
244,93,182
244,275,1166
244,267,182
244,49,182
244,179,481
244,239,640
244,76,354
244,290,489
244,235,1
244,110,508
244,245,875
244,296,182
244,140,159
244,24,339
244,262,8
244,221,182
244,236,546
115,71,805
115,16,1
115,293,400
115,245,29
115,86,3
115,262,974
102,71,610
102,293,649
102,277,2
285,293,26
248,262,120
298,54,1242
298,49,50
298,239,100
298,245,1148
75,54,1475
75,47,454
75,17,182
75,244,344
75,294,25
75,213,1307
75,261,1
75,216,684
75,109,1059
75,106,338
75,57,1
75,67,507
75,142,662
75,71,1228
75,94,1426
75,223,1394
75,287,862
75,210,374
75,163,2
75,37,806
75,93,243
75,275,1292
75,267,704
75,78,193
75,49,659
75,79,702
75,179,588
75,70,659
75,239,922
75,76,1507
75,290,509
75,55,363
75,235,310
75,293,363
75,110,481
75,43,182
75,2,182
75,245,1937
75,103,52
75,35,493
75,296,642
75,182,182
75,140,840
75,234,364
75,21,339
75,255,182
75,262,115
75,221,160
75,236,891
121,54,16
121,133,1
121,71,954
121,218,518
121,279,1
121,49,381
121,79,547
121,293,378
121,43,329
121,2,351
121,245,381
121,273,511
121,296,338
121,153,1
121,168,505
121,234,357
121,255,578
121,44,895
121,262,1691
294,54,2877
294,47,182
294,271,388
294,75,2
294,195,1
294,87,364
294,213,2287
294,36,221
294,227,156
294,216,669
294,109,1761
294,106,491
294,67,973
294,142,4540
294,71,1078
294,94,1488
294,223,1218
294,287,1928
294,210,1515
294,246,1
294,11,141
294,93,2113
294,275,891
294,176,485
294,267,437
294,78,3470
294,49,782
294,79,1270
294,179,6121
294,180,387
294,239,2020
294,76,219
294,290,151
294,55,1092
294,235,80
294,293,777
294,110,74
294,28,19
294,43,224
294,245,3475
294,103,239
294,206,1028
294,273,182
294,14,351
294,35,3175
294,296,539
294,153,343
294,140,1643
294,147,349
294,154,1089
294,234,362
294,73,89
294,24,80
294,255,485
294,44,1379
294,191,182
294,62,814
294,262,363
294,112,23
294,221,422
294,169,65
294,236,1095
257,275,189
155,54,459
117,287,182
117,78,346
117,239,243
151,275,754
258,171,182
258,90,182
38,262,349
188,54,1391
188,67,2
188,142,129
188,71,1
188,94,1384
188,275,947
188,290,530
188,245,160
195,54,219
195,213,88
195,216,263
195,67,153
195,223,396
195,287,591
195,176,1
195,78,1240
195,239,185
195,293,26
195,245,373
87,54,1838
87,294,363
87,213,1218
87,216,315
87,109,711
87,67,92
87,142,156
87,94,29
87,223,749
87,287,815
87,210,330
87,78,1666
87,49,233
87,239,928
87,76,587
87,293,115
87,245,1705
87,35,320
87,296,182
87,154,216
87,236,363
12,71,530
12,94,671
12,93,60
12,78,707
12,49,2470
12,43,2804
12,273,60
12,296,2488
12,119,1
12,83,1
12,255,704
12,44,1184
12,191,1688
12,262,1031
12,220,1789
12,104,1
213,292,235
213,269,1198
213,54,2853
213,47,362
213,17,1495
213,244,513
213,75,1302
213,294,2287
213,195,90
213,87,1217
213,216,1213
213,109,1821
213,106,841
213,67,619
213,22,32
213,157,440
213,71,1363
213,94,1163
213,223,1679
213,287,262
213,210,1397
213,41,1
213,37,680
213,275,859
213,176,514
213,177,1219
213,256,338
213,267,545
213,78,510
213,49,840
213,79,466
213,179,4
213,158,182
213,70,520
213,239,2519
213,76,1414
213,290,493
213,139,1859
213,55,489
213,235,768
213,293,530
213,110,199
213,4,182
213,245,1760
213,103,866
213,206,746
213,35,338
213,296,1067
213,153,545
213,182,2005
213,120,440
213,140,1033
213,45,442
213,154,642
213,234,361
213,21,364
213,73,1
213,24,787
213,255,112
213,44,182
213,62,182
213,262,364
213,112,167
213,221,847
213,236,1784
264,54,26
264,38,1
264,71,728
264,223,12
264,230,1
264,79,2
264,293,449
264,245,197
264,44,17
264,262,1040
128,54,1246
128,67,532
128,94,546
128,223,364
128,287,352
128,93,713
128,275,125
128,179,308
128,290,345
128,245,867
36,54,1885
36,294,221
36,67,40
36,71,363
36,223,522
36,210,8
36,49,42
36,179,362
36,239,182
36,245,520
36,154,87
36,236,176
132,79,1
132,88,1
132,262,327
29,171,182
29,222,182
183,150,182
183,44,341
10,54,956
10,67,66
10,94,181
10,223,25
10,275,342
10,290,181
10,245,380
240,54,434
240,67,36
240,142,1
227,54,2219
227,294,156
227,216,86
227,109,596
227,67,423
227,94,543
227,223,407
227,287,607
227,93,532
227,275,18
227,267,2
227,179,659
227,290,363
227,293,20
227,245,708
227,73,1
165,145,1
165,208,1
165,44,692
261,54,175
261,67,435
261,71,355
261,94,844
261,197,1
261,223,515
261,235,1
261,293,318
261,245,1962
26,79,1151
26,296,44
216,187,455
216,292,3
216,269,587
216,54,1641
216,47,272
216,17,247
216,244,149
216,75,666
216,294,661
216,195,263
216,87,309
216,213,1229
216,227,86
216,109,978
216,106,14
216,67,382
216,22,12
216,157,462
216,142,431
216,71,543
216,94,868
216,197,32
216,223,806
216,287,1046
216,210,385
216,41,577
216,11,87
216,118,256
216,93,815
216,275,1069
216,176,99
216,267,57
216,78,690
216,49,833
216,79,464
216,72,6
216,179,1546
216,70,607
216,239,1102
216,205,57
216,76,1394
216,290,621
216,139,615
216,55,222
216,235,1025
216,250,157
216,293,926
216,110,30
216,4,32
216,125,259
216,245,2346
216,103,2
216,206,196
216,35,309
216,296,611
216,182,169
216,120,70
216,140,160
216,147,464
216,45,473
216,154,376
216,234,25
216,21,170
216,73,196
216,24,315
216,255,125
216,44,223
216,62,21
216,262,165
216,112,118
216,221,594
216,284,398
216,236,494
216,259,9
216,30,244
56,94,580
56,275,173
109,187,182
109,8,16
109,269,523
109,54,3750
109,133,1
109,47,116
109,17,936
109,244,246
109,75,1059
109,294,1756
109,87,711
109,213,1836
109,227,597
109,216,978
109,106,125
109,67,409
109,22,18
109,142,1464
109,71,1067
109,94,1843
109,223,1436
109,217,13
109,287,2740
109,210,1718
109,41,1
109,11,428
109,93,1526
109,275,1758
109,66,520
109,176,683
109,267,1294
109,78,1038
109,49,891
109,79,725
109,179,2971
109,158,22
109,70,592
109,239,1764
109,205,542
109,76,13
109,290,1100
109,139,360
109,55,1827
109,235,201
109,293,862
109,110,711
109,28,1097
109,245,2797
109,103,797
109,206,1018
109,273,28
109,35,1731
109,296,1099
109,153,1164
109,283,371
109,182,654
109,120,152
109,140,1168
109,147,850
109,45,226
109,154,966
109,234,358
109,21,116
109,73,764
109,24,334
109,255,210
109,44,705
109,62,439
109,262,156
109,220,28
109,112,128
109,221,561
109,169,234
109,129,18
109,284,365
109,135,95
109,236,1472
109,126,2
109,104,28
106,54,804
106,75,346
106,294,393
106,213,839
106,216,15
106,109,125
106,67,637
106,142,77
106,71,176
106,94,872
106,223,1044
106,287,910
106,184,1
106,41,1
106,275,495
106,97,1
106,78,324
106,49,714
106,79,21
106,179,1242
106,70,164
106,239,545
106,76,1360
106,290,546
106,55,233
106,235,569
106,293,546
106,125,1
106,245,2529
106,206,5
106,35,496
106,296,555
106,140,316
106,154,85
106,262,159
106,221,339
106,236,552
98,94,182
98,245,1322
141,293,157
272,71,208
272,262,364
57,292,1
57,54,346
57,216,1
57,67,104
57,71,2145
57,94,995
57,145,1
57,275,855
57,149,1
57,49,78
57,79,521
57,70,178
57,290,20
57,293,325
57,2,352
57,245,720
57,296,688
57,234,354
57,44,181
57,262,521
57,220,327
85,71,801
85,293,32
85,245,25
85,86,1
85,262,604
33,54,6
33,94,1122
33,37,981
33,275,144
99,54,670
99,75,1
99,67,144
99,223,84
99,275,340
99,72,1
99,245,364
32,54,691
67,187,189
67,292,172
67,269,492
67,171,45
67,54,1366
67,133,423
67,47,418
67,123,94
67,175,132
67,143,39
67,17,593
67,271,127
67,244,451
67,75,587
67,294,976
67,188,2
67,195,152
67,87,93
67,213,627
67,128,547
67,36,39
67,10,66
67,240,35
67,227,423
67,261,434
67,216,381
67,109,450
67,106,445
67,57,104
67,99,143
67,22,6
67,157,410
67,142,913
67,71,777
67,94,1542
67,197,507
67,223,1634
67,217,28
67,114,85
67,287,1541
67,210,455
67,163,198
67,184,335
67,41,689
67,11,507
67,118,193
67,131,4
67,242,395
67,93,425
67,275,1028
67,66,86
67,176,219
67,95,13
67,256,120
67,267,603
67,78,776
67,149,328
67,49,472
67,79,623
67,72,817
67,179,1919
67,158,29
67,70,769
67,239,678
67,205,503
67,290,740
67,139,439
67,55,624
67,235,623
67,250,2
67,293,950
67,110,83
67,28,4
67,4,436
67,125,498
67,245,3074
67,103,263
67,206,282
67,273,178
67,52,27
67,35,849
67,296,281
67,153,815
67,182,469
67,120,363
67,140,488
67,147,498
67,45,439
67,154,326
67,234,335
67,21,497
67,73,375
67,59,1
67,268,9
67,24,272
67,255,377
67,44,379
67,138,182
67,262,856
67,116,134
67,112,335
67,221,161
67,284,508
67,136,1
67,236,564
67,126,174
67,259,497
67,0,12
67,30,521
67,146,81
67,270,33
159,223,155
159,235,159
159,58,1
159,293,13
159,245,631
22,54,1430
22,213,32
22,216,12
22,109,18
22,67,6
22,287,238
22,267,1
22,179,159
22,239,1
278,292,1560
278,13,1339
278,47,3458
278,244,537
278,60,1093
278,37,4898
278,201,17
278,275,2047
278,3,1337
278,158,1166
278,61,1002
278,70,2575
278,110,1049
278,4,838
278,21,2491
278,221,1359
278,259,1148
157,54,2053
157,213,439
157,216,455
157,67,415
157,71,473
157,94,522
157,223,608
157,287,471
157,275,383
157,49,43
157,239,187
157,235,281
157,293,343
157,245,1066
157,236,104
122,245,701
142,269,156
142,54,3631
142,17,597
142,75,661
142,294,4509
142,188,129
142,87,294
142,216,445
142,109,1473
142,106,77
142,67,929
142,71,726
142,94,1986
142,197,93
142,223,1501
142,287,1274
142,210,732
142,41,155
142,242,279
142,275,1494
142,176,493
142,256,150
142,267,404
142,78,1400
142,49,182
142,79,182
142,72,157
142,179,5803
142,239,909
142,290,519
142,139,156
142,55,1456
142,235,59
142,250,104
142,293,1084
142,110,225
142,245,3631
142,206,502
142,35,4
142,296,546
142,153,138
142,182,341
142,140,1385
142,154,442
142,255,364
142,262,182
142,112,12
142,221,646
142,284,156
142,236,820
142,270,156
71,292,1909
71,13,364
71,171,222
71,282,2135
71,54,3078
71,47,1253
71,17,148
71,295,275
71,244,343
71,115,808
71,102,611
71,75,1246
71,121,956
71,294,1113
71,188,1
71,12,711
71,213,1355
71,264,721
71,36,364
71,261,299
71,216,536
71,109,1067
71,106,358
71,272,208
71,57,2133
71,85,799
71,99,1
71,67,781
71,7,1
71,157,478
71,142,728
71,94,4231
71,263,1261
71,197,698
71,223,1444
71,217,984
71,60,533
71,203,364
71,287,1074
71,170,605
71,145,674
71,193,364
71,210,507
71,163,713
71,40,279
71,218,507
71,279,1249
71,184,2
71,41,250
71,16,438
71,280,392
71,108,741
71,130,53
71,124,182
71,37,538
71,242,312
71,93,1490
71,275,2313
71,97,853
71,230,530
71,176,955
71,95,573
71,267,118
71,78,502
71,190,26
71,49,4168
71,79,4378
71,179,1630
71,281,26
71,158,2
71,19,629
71,199,1
71,70,2569
71,239,1649
71,76,2119
71,290,863
71,252,182
71,55,471
71,235,779
71,58,217
71,208,180
71,250,498
71,224,510
71,293,2459
71,110,530
71,42,865
71,43,1738
71,160,78
71,4,1316
71,125,1233
71,2,817
71,245,3111
71,206,94
71,273,2095
71,35,1416
71,296,4164
71,253,182
71,86,1
71,153,497
71,238,519
71,83,610
71,277,1138
71,134,4
71,140,226
71,68,289
71,233,185
71,168,662
71,45,1
71,154,221
71,234,2573
71,21,1270
71,186,456
71,24,272
71,255,3200
71,44,2649
71,138,552
71,191,1628
71,262,4385
71,220,1497
71,116,1624
71,221,879
71,236,971
71,259,722
71,104,1045
71,0,26
71,30,321
71,270,351
94,254,1325
94,292,1440
94,241,1130
94,101,546
94,13,1294
94,171,61
94,54,4866
94,47,2675
94,17,532
94,244,631
94,75,1427
94,294,1488
94,188,1384
94,87,30
94,12,671
94,213,1163
94,128,545
94,10,182
94,227,543
94,261,844
94,216,868
94,56,580
94,109,1843
94,106,872
94,98,182
94,57,994
94,33,1122
94,67,1542
94,157,523
94,142,1985
94,71,4235
94,197,1052
94,223,1407
94,217,254
94,60,1433
94,114,182
94,287,1831
94,145,364
94,210,1215
94,65,182
94,174,910
94,194,338
94,246,544
94,279,170
94,39,545
94,251,1592
94,41,362
94,11,546
94,118,649
94,280,95
94,108,110
94,124,364
94,37,1082
94,242,930
94,93,967
94,275,2830
94,97,980
94,176,1078
94,95,98
94,256,1217
94,267,713
94,78,434
94,49,2518
94,51,1125
94,79,3294
94,3,1611
94,72,363
94,231,631
94,179,2574
94,158,1605
94,173,698
94,61,1089
94,70,1439
94,239,2077
94,205,181
94,290,1336
94,137,726
94,55,1638
94,235,342
94,58,255
94,219,518
94,111,645
94,250,394
94,293,1438
94,110,1239
94,42,135
94,43,539
94,160,182
94,4,1440
94,125,868
94,2,894
94,245,4142
94,103,546
94,206,441
94,273,799
94,35,1743
94,296,2703
94,253,267
94,153,1066
94,283,979
94,83,546
94,140,1161
94,147,520
94,168,545
94,45,85
94,204,437
94,154,460
94,234,1792
94,21,2591
94,73,364
94,186,182
94,24,729
94,255,1988
94,44,1730
94,138,1612
94,81,1791
94,191,1134
94,50,812
94,62,546
94,262,1579
94,220,734
94,116,1864
94,144,1218
94,221,1875
94,284,86
94,236,1434
94,259,1702
94,104,1355
94,46,637
94,5,909
94,30,713
94,146,955
94,270,1385
228,54,698
89,171,41
27,223,364
27,293,794
263,292,1
263,71,1261
263,296,396
263,262,284
197,54,527
197,216,31
197,67,507
197,142,93
197,71,853
197,94,1054
197,223,521
197,279,2
197,275,350
197,79,124
197,179,364
197,19,1
197,290,405
197,235,232
197,293,494
197,245,2339
197,296,398
197,68,1
197,262,3
223,187,493
223,269,539
223,171,47
223,54,2795
223,133,425
223,123,369
223,175,358
223,143,739
223,17,852
223,189,364
223,271,390
223,244,507
223,75,1401
223,294,1231
223,195,396
223,87,749
223,213,1679
223,264,12
223,128,364
223,36,522
223,10,26
223,227,412
223,261,515
223,216,772
223,109,1436
223,106,1045
223,99,84
223,67,1733
223,159,155
223,157,608
223,142,1498
223,71,1445
223,94,1412
223,27,364
223,197,542
223,286,664
223,226,694
223,114,676
223,287,2190
223,210,745
223,65,847
223,194,611
223,184,753
223,41,1189
223,11,656
223,118,644
223,131,369
223,242,351
223,93,1031
223,275,1492
223,97,59
223,176,1382
223,256,347
223,267,387
223,78,900
223,149,863
223,49,1056
223,79,836
223,72,816
223,179,2368
223,158,182
223,19,182
223,199,650
223,70,766
223,239,1843
223,205,279
223,76,1784
223,290,1318
223,139,499
223,55,738
223,235,882
223,58,440
223,250,799
223,293,2521
223,110,68
223,28,182
223,4,279
223,125,674
223,245,3750
223,103,585
223,206,273
223,273,66
223,35,1346
223,296,1510
223,253,350
223,153,854
223,53,116
223,182,627
223,120,22
223,140,663
223,147,498
223,196,369
223,45,652
223,265,102
223,154,751
223,234,298
223,21,359
223,73,266
223,59,734
223,268,182
223,24,681
223,255,572
223,44,598
223,138,182
223,81,182
223,62,138
223,262,207
223,112,190
223,221,1281
223,169,16
223,289,359
223,284,569
223,236,907
223,259,364
223,0,589
223,30,894
223,270,183
217,54,96
217,109,13
217,67,28
217,71,985
217,94,254
217,287,193
217,275,104
217,79,97
217,179,14
217,55,37
217,293,97
217,245,136
152,262,857
152,291,3
286,223,664
60,292,449
60,54,233
60,47,683
60,278,1098
60,71,533
60,94,1434
60,37,520
60,275,533
60,49,508
60,79,530
60,3,180
60,2,266
60,245,364
60,296,2076
60,234,182
60,21,683
60,262,121
60,104,89
226,223,694
226,153,1
203,71,364
203,145,1
203,49,114
203,79,201
203,252,1
203,273,830
203,296,249
203,134,1
203,44,966
203,262,352
114,54,630
114,67,86
114,94,182
114,223,675
114,290,374
114,245,1019
114,221,1
127,54,434
287,292,104
287,247,54
287,269,355
287,54,3927
287,47,464
287,123,272
287,17,561
287,271,202
287,244,310
287,75,858
287,294,1923
287,117,182
287,195,590
287,87,820
287,213,262
287,128,352
287,227,608
287,216,1048
287,109,2722
287,106,911
287,67,1535
287,22,238
287,157,469
287,142,1269
287,71,1092
287,94,1830
287,223,2190
287,217,193
287,210,2428
287,184,1
287,41,303
287,11,621
287,118,486
287,108,13
287,124,182
287,93,1002
287,275,1990
287,176,868
287,256,121
287,267,831
287,49,1186
287,79,1655
287,72,183
287,179,1
287,158,159
287,70,815
287,239,2650
287,76,279
287,290,713
287,139,697
287,55,1465
287,235,1409
287,250,156
287,293,1693
287,110,585
287,42,19
287,28,162
287,4,177
287,125,475
287,245,3728
287,103,284
287,206,1637
287,273,259
287,296,1364
287,153,470
287,156,16
287,182,721
287,120,696
287,140,1491
287,147,823
287,45,580
287,154,1174
287,234,561
287,21,473
287,73,581
287,24,511
287,255,953
287,44,1321
287,191,136
287,62,930
287,262,446
287,116,439
287,112,335
287,221,802
287,169,151
287,284,627
287,236,1643
287,259,177
287,104,152
287,30,296
287,270,274
1,54,548
1,239,35
90,171,1517
90,258,182
90,293,78
90,249,182
90,255,452
90,262,30
170,71,613
170,149,1
170,70,1
170,293,964
170,245,674
170,262,95
170,221,1
145,71,673
145,94,364
145,49,1036
145,79,2087
145,180,326
145,208,1
145,84,1
145,2,179
145,296,861
145,234,418
145,44,1225
145,262,438
145,291,1
192,54,1005
193,54,5
193,71,364
193,230,2
193,293,112
193,245,29
193,44,3
193,262,848
23,296,952
210,54,3849
210,47,113
210,17,331
210,75,372
210,294,1514
210,87,330
210,213,1396
210,36,8
210,216,386
210,109,1554
210,67,458
210,142,710
210,71,504
210,94,1216
210,223,745
210,287,2428
210,39,182
210,37,355
210,131,534
210,93,716
210,275,977
210,176,343
210,177,554
210,267,971
210,78,2577
210,49,405
210,79,295
210,179,1673
210,180,174
210,239,1061
210,76,876
210,290,282
210,139,61
210,55,1
210,293,319
210,110,244
210,43,13
210,245,1029
210,14,169
210,35,1683
210,296,364
210,153,452
210,283,56
210,156,44
210,182,182
210,140,327
210,147,182
210,45,114
210,62,546
210,262,177
210,221,287
210,289,292
210,284,182
210,135,77
210,236,1538
18,54,314
65,54,1612
65,94,182
65,223,848
65,49,90
65,179,238
65,239,280
65,235,362
65,288,48
65,293,173
65,245,705
65,154,93
65,236,104
163,54,135
163,67,198
163,71,712
163,184,1
163,250,1
163,293,919
163,245,877
163,253,1
163,24,1
163,262,8
174,54,334
174,94,911
174,290,165
194,54,513
194,94,338
194,223,611
194,293,59
194,245,1580
194,0,1
40,71,278
218,248,1
218,121,510
218,71,506
218,49,381
218,79,311
218,180,1
218,293,396
218,43,363
218,2,329
218,245,186
218,273,651
218,296,391
218,134,1
218,168,176
218,234,350
218,255,2202
218,262,984
218,220,309
218,104,152
229,293,703
246,94,546
279,282,2
279,71,1243
279,94,169
279,79,4
279,245,4
279,296,518
279,262,529
232,54,1011
39,54,1713
39,94,546
39,210,182
39,275,996
39,290,544
39,245,160
39,236,182
184,54,93
184,67,334
184,71,1
184,197,1
184,223,791
184,16,1
184,235,306
184,276,165
184,293,753
184,245,1835
184,24,1
251,54,330
251,94,1595
251,275,344
41,54,674
41,216,589
41,67,690
41,142,155
41,71,249
41,94,364
41,223,1280
41,287,291
41,275,358
41,179,182
41,239,122
41,290,182
41,235,529
41,288,23
41,293,800
41,245,1808
11,54,1336
11,294,132
11,216,86
11,109,428
11,67,541
11,94,546
11,223,655
11,287,622
11,93,154
11,275,527
11,267,1
11,179,450
11,239,19
11,290,529
11,55,212
11,293,182
11,245,536
11,103,2
11,140,1
118,54,1266
118,216,256
118,67,192
118,94,649
118,223,643
118,287,486
118,93,443
118,275,467
118,179,309
118,239,90
118,290,545
118,245,782
96,274,23
16,71,439
16,293,167
16,245,5
16,262,525
209,54,473
280,71,392
280,94,97
108,54,97
108,71,745
108,94,111
108,287,13
108,275,98
108,78,13
108,179,13
108,293,97
108,245,188
108,262,242
15,54,482
130,71,51
130,293,182
130,262,630
124,171,135
124,54,352
124,71,182
124,94,364
124,287,182
124,275,364
124,297,3867
124,190,4498
124,49,364
124,79,2470
124,281,5660
124,293,182
124,43,60
124,160,6060
124,245,364
124,273,364
124,296,467
124,234,203
124,255,866
124,44,1170
124,191,182
124,262,182
124,220,182
124,116,66
37,292,517
37,54,1842
37,47,1165
37,244,363
37,75,805
37,213,683
37,33,980
37,278,4911
37,71,537
37,94,1082
37,60,518
37,210,358
37,201,1485
37,256,671
37,267,182
37,78,515
37,49,736
37,79,712
37,158,182
37,61,338
37,239,891
37,76,1044
37,110,1880
37,43,348
37,4,684
37,35,327
37,296,866
37,234,182
37,21,1316
37,221,680
37,236,704
37,259,647
131,54,1053
131,67,5
131,223,369
131,287,1
131,210,534
131,239,709
131,245,1905
131,206,557
131,253,1
131,153,1
131,154,337
201,47,182
201,278,17
201,37,1483
201,275,200
201,21,339
242,54,1217
242,244,2
242,67,392
242,142,287
242,71,311
242,94,931
242,223,351
242,93,362
242,275,555
242,179,72
242,239,85
242,290,544
242,245,350
242,104,1
93,292,182
93,54,2718
93,47,323
93,17,611
93,244,182
93,75,181
93,294,1933
93,12,60
93,128,871
93,227,530
93,216,815
93,109,1344
93,67,425
93,142,1
93,71,1481
93,94,966
93,223,1006
93,287,1002
93,210,714
93,11,153
93,118,349
93,242,361
93,275,892
93,267,321
93,78,910
93,49,928
93,79,2139
93,179,536
93,180,393
93,70,134
93,239,2294
93,205,482
93,76,1037
93,139,213
93,55,284
93,293,456
93,110,352
93,28,302
93,43,425
93,4,138
93,245,1506
93,103,331
93,273,183
93,35,228
93,296,392
93,153,446
93,182,226
93,120,120
93,140,839
93,196,326
93,45,220
93,234,717
93,21,110
93,73,641
93,255,546
93,44,1606
93,191,182
93,62,439
93,262,289
93,220,182
93,237,139
93,169,96
93,284,223
93,236,966
93,104,112
275,292,1108
275,101,167
275,8,1
275,13,364
275,171,83
275,54,2627
275,47,1861
275,123,212
275,17,58
275,244,1161
275,75,1296
275,294,904
275,257,189
275,151,754
275,188,948
275,213,859
275,128,125
275,10,342
275,227,17
275,216,1072
275,56,173
275,109,1775
275,106,495
275,57,855
275,33,144
275,99,340
275,67,1032
275,278,2048
275,157,378
275,142,1516
275,71,2277
275,94,2834
275,197,350
275,223,1492
275,217,104
275,60,533
275,287,1989
275,210,977
275,39,997
275,251,345
275,41,358
275,11,527
275,118,467
275,108,98
275,124,364
275,37,1
275,201,200
275,242,555
275,93,865
275,97,806
275,176,900
275,256,873
275,267,735
275,78,634
275,49,1381
275,79,1918
275,3,514
275,20,538
275,72,338
275,231,1386
275,179,1728
275,158,478
275,173,322
275,61,470
275,70,1241
275,239,1296
275,290,1598
275,137,1322
275,161,183
275,55,1432
275,235,832
275,219,333
275,111,753
275,293,1273
275,110,2197
275,42,141
275,43,531
275,4,1347
275,125,1075
275,2,545
275,245,2743
275,103,464
275,206,715
275,273,615
275,35,867
275,296,2193
275,153,861
275,283,366
275,83,216
275,140,1005
275,147,482
275,168,300
275,154,582
275,234,1177
275,21,1893
275,73,493
275,24,164
275,255,1165
275,44,1316
275,81,532
275,191,501
275,62,399
275,262,1465
275,220,546
275,116,979
275,112,7
275,221,428
275,135,347
275,236,1017
275,259,974
275,104,885
275,30,661
275,146,245
275,270,724
97,54,1567
97,57,1
97,71,848
97,94,981
97,223,58
97,275,806
97,79,184
97,70,1
97,290,546
97,293,364
97,4,1
97,245,1568
97,296,364
97,253,1
97,138,1
97,262,1
230,71,531
230,293,182
230,262,1019
66,54,961
66,109,521
66,67,90
66,140,1
176,54,1707
176,47,58
176,17,292
176,294,485
176,213,506
176,216,351
176,109,857
176,67,230
176,142,493
176,71,956
176,94,1078
176,223,1374
176,287,851
176,210,343
176,275,665
176,267,182
176,78,26
176,49,829
176,79,251
176,179,669
176,70,647
176,239,1235
176,76,672
176,290,541
176,55,213
176,235,281
176,293,908
176,110,10
176,245,2038
176,35,403
176,296,731
176,153,1
176,140,338
176,154,643
176,21,58
176,255,26
176,44,75
176,112,105
176,236,894
211,293,25
92,79,319
92,25,334
177,54,215
177,213,1224
177,210,554
177,49,182
177,239,1092
177,76,709
177,206,552
177,154,191
177,236,553
297,124,3753
297,190,114
297,160,182
172,295,1
172,79,493
172,83,1
95,54,58
95,67,13
95,71,603
95,94,100
95,230,1
95,79,13
95,293,25
95,245,223
95,262,769
256,54,1329
256,213,340
256,67,121
256,142,140
256,94,1218
256,223,352
256,287,121
256,37,674
256,275,873
256,239,190
256,76,339
256,290,537
256,245,156
267,54,2860
267,47,178
267,244,182
267,75,703
267,294,442
267,213,538
267,216,58
267,109,1289
267,67,597
267,142,386
267,71,118
267,94,713
267,223,388
267,287,817
267,210,975
267,37,182
267,93,321
267,275,747
267,176,182
267,78,543
267,49,52
267,79,3
267,179,667
267,70,175
267,290,448
267,55,30
267,293,156
267,110,353
267,245,910
267,103,357
267,35,852
267,140,505
267,236,510
267,30,1
78,247,35
78,269,103
78,54,1174
78,47,717
78,17,333
78,271,49
78,75,133
78,294,3565
78,117,346
78,195,1242
78,87,1663
78,12,708
78,213,500
78,227,1
78,216,690
78,109,1013
78,106,323
78,67,667
78,142,1423
78,71,502
78,94,432
78,223,999
78,210,2575
78,108,13
78,37,515
78,131,1
78,93,910
78,275,634
78,176,33
78,267,543
78,49,2301
78,79,4050
78,179,1
78,180,767
78,239,2762
78,55,1283
78,293,585
78,110,539
78,43,564
78,2,182
78,245,1908
78,103,34
78,206,1468
78,273,364
78,35,262
78,296,1201
78,153,1203
78,156,182
78,182,295
78,120,773
78,140,1896
78,147,765
78,45,1246
78,154,1110
78,234,789
78,255,876
78,44,3393
78,191,237
78,62,1865
78,262,879
78,220,182
78,112,303
78,221,342
78,169,236
78,284,899
78,236,1721
78,104,132
274,171,568
274,96,23
274,185,182
274,164,182
274,255,504
274,34,426
274,222,182
190,71,26
190,124,4610
190,79,461
190,281,55
190,43,4
190,160,425
190,245,135
190,296,197
190,234,23
190,255,182
190,44,364
190,116,37
185,274,182
185,255,607
185,34,182
185,214,182
149,67,328
149,223,861
149,293,157
149,245,755
49,292,1204
49,269,182
49,13,182
49,171,145
49,54,2417
49,47,652
49,17,182
49,295,82
49,244,182
49,298,51
49,75,657
49,121,381
49,294,783
49,87,233
49,12,2444
49,213,841
49,36,43
49,216,835
49,109,889
49,106,724
49,57,78
49,67,471
49,157,42
49,142,183
49,71,4179
49,94,2520
49,223,1056
49,60,509
49,203,114
49,287,1185
49,145,1044
49,210,405
49,65,91
49,218,381
49,124,364
49,37,730
49,93,930
49,275,1378
49,176,829
49,177,183
49,267,52
49,78,2301
49,79,6083
49,3,182
49,180,486
49,158,190
49,61,182
49,70,1012
49,239,648
49,76,2061
49,290,189
49,252,114
49,139,182
49,55,419
49,235,221
49,58,50
49,208,14
49,293,1411
49,110,363
49,43,2610
49,4,267
49,125,543
49,2,1873
49,245,2709
49,103,182
49,206,62
49,273,1816
49,35,1448
49,296,5759
49,153,681
49,83,693
49,182,182
49,140,363
49,168,2398
49,45,78
49,234,2843
49,21,813
49,186,134
49,9,94
49,24,182
49,255,2560
49,44,3584
49,191,2137
49,262,2694
49,220,2062
49,116,2088
49,221,775
49,236,586
49,259,198
49,104,1089
49,25,79
51,54,235
51,94,1127
79,292,1223
79,171,98
79,282,209
79,54,2762
79,47,853
79,17,99
79,295,390
79,75,711
79,121,540
79,294,1415
79,213,465
79,264,2
79,26,1151
79,216,468
79,109,727
79,106,21
79,57,519
79,67,625
79,142,182
79,71,4439
79,94,3293
79,197,126
79,223,1017
79,217,93
79,60,527
79,203,200
79,287,1666
79,145,2107
79,210,294
79,218,309
79,279,8
79,124,2472
79,37,711
79,93,1956
79,275,1901
79,97,186
79,176,251
79,92,333
79,172,492
79,95,13
79,267,2
79,78,4047
79,190,460
79,49,6167
79,281,445
79,70,693
79,239,907
79,76,1221
79,290,364
79,252,1
79,55,1270
79,235,109
79,162,659
79,208,1432
79,293,1198
79,110,514
79,42,14
79,43,4052
79,160,955
79,4,303
79,2,24
79,245,3716
79,107,656
79,273,1801
79,35,1153
79,296,5164
79,153,147
79,83,1413
79,140,7
79,168,1107
79,234,5636
79,21,888
79,186,2340
79,9,1460
79,255,3510
79,44,6995
79,88,362
79,191,4824
79,62,62
79,262,2616
79,220,3178
79,105,870
79,116,32
79,221,909
79,236,285
79,259,22
79,104,2185
79,270,181
79,25,493
3,292,182
3,47,347
3,278,1336
3,94,1614
3,60,181
3,275,514
3,49,182
20,275,537
72,54,1032
72,216,5
72,67,827
72,157,1
72,142,151
72,94,364
72,223,815
72,287,183
72,275,338
72,179,168
72,239,28
72,290,80
72,245,1082
231,54,487
231,94,631
231,275,1386
179,8,7
179,54,5515
179,244,280
179,75,590
179,294,6126
179,128,308
179,36,361
179,227,659
179,216,1537
179,109,2774
179,106,1243
179,67,1901
179,22,159
179,142,5782
179,71,1646
179,94,2579
179,197,364
179,223,2369
179,217,14
179,210,1676
179,65,237
179,41,182
179,11,473
179,118,309
179,108,13
179,242,69
179,93,535
179,275,1739
179,176,669
179,267,666
179,72,172
179,239,1723
179,290,857
179,55,1776
179,235,166
179,48,2
179,250,309
179,293,1541
179,110,261
179,28,60
179,245,5364
179,206,1093
179,14,381
179,153,646
179,140,2066
179,147,476
179,154,168
179,73,499
179,24,341
179,262,17
179,112,74
179,221,821
179,169,9
179,236,925
179,0,11
179,30,332
179,146,2
179,270,384
180,47,61
180,294,387
180,145,323
180,210,173
180,218,1
180,93,394
180,78,769
180,49,485
180,208,324
180,43,866
180,2,1
180,245,353
180,296,856
180,168,345
180,255,625
180,191,123
180,262,1246
180,220,363
180,291,1
281,71,26
281,124,5478
281,190,54
281,79,446
281,160,242
281,296,168
281,234,31
281,255,182
281,44,227
281,116,23
158,54,1283
158,213,182
158,109,22
158,67,29
158,278,1163
158,94,1604
158,223,182
158,287,165
158,37,182
158,275,471
158,49,190
158,239,1
158,76,191
158,290,520
158,293,157
158,245,871
158,296,182
158,21,1
158,262,18
158,221,331
19,187,1
19,99,1
19,71,625
19,223,182
19,149,1
19,293,106
19,245,713
19,253,1
173,94,697
173,275,321
181,293,236
181,245,748
63,54,61
243,121,1
243,230,1
243,262,304
166,54,322
61,292,182
61,47,286
61,278,1001
61,94,1089
61,37,337
61,275,470
61,49,182
199,223,641
199,293,67
199,245,692
70,292,340
70,54,1990
70,47,427
70,75,668
70,213,510
70,216,603
70,109,592
70,106,164
70,57,178
70,67,769
70,278,2583
70,71,2591
70,94,1440
70,223,708
70,287,816
70,93,166
70,275,1245
70,97,1
70,176,648
70,267,178
70,49,1020
70,79,684
70,19,1
70,239,728
70,76,2007
70,290,541
70,55,52
70,235,2
70,250,182
70,293,1095
70,110,351
70,43,339
70,4,612
70,125,3
70,2,250
70,245,1859
70,273,182
70,296,1139
70,153,251
70,140,568
70,154,5
70,234,347
70,21,445
70,255,182
70,262,530
70,220,182
70,221,939
70,236,362
70,259,461
70,104,179
80,54,412
239,292,363
239,269,555
239,54,4769
239,47,251
239,123,43
239,17,927
239,244,643
239,298,100
239,75,913
239,294,2019
239,117,243
239,195,184
239,87,928
239,213,2516
239,36,182
239,216,1102
239,109,1764
239,106,636
239,67,679
239,157,187
239,142,909
239,71,1655
239,94,2076
239,223,1840
239,287,2650
239,1,35
239,210,1050
239,65,280
239,41,122
239,11,11
239,118,90
239,37,899
239,131,708
239,242,85
239,93,2270
239,275,1296
239,176,1236
239,177,1097
239,256,190
239,267,2
239,78,2762
239,49,648
239,79,907
239,72,28
239,179,1721
239,158,1
239,70,724
239,76,1900
239,290,784
239,139,866
239,55,1092
239,235,363
239,58,100
239,293,1121
239,110,757
239,4,9
239,125,9
239,245,2045
239,103,381
239,273,182
239,52,105
239,14,182
239,35,3605
239,296,546
239,153,1252
239,283,145
239,156,182
239,182,1107
239,120,301
239,140,833
239,147,208
239,45,386
239,154,718
239,234,13
239,21,371
239,24,348
239,255,364
239,44,182
239,62,1209
239,262,357
239,221,1272
239,289,522
239,284,206
239,135,73
239,259,9
239,30,66
205,54,950
205,175,1
205,216,57
205,109,542
205,67,504
205,142,1
205,94,182
205,223,278
205,93,456
205,293,151
205,245,941
76,292,363
76,269,363
76,54,1611
76,47,363
76,17,520
76,244,363
76,75,1526
76,294,220
76,87,589
76,213,1406
76,216,1386
76,109,13
76,106,1362
76,71,2103
76,223,1681
76,287,278
76,210,875
76,37,1053
76,93,1034
76,176,661
76,177,704
76,256,344
76,49,2060
76,79,1213
76,158,191
76,70,2027
76,239,1904
76,139,855
76,55,115
76,293,1018
76,110,199
76,43,887
76,125,1027
76,103,368
76,273,413
76,35,1349
76,296,1421
76,153,1024
76,182,688
76,140,683
76,168,182
76,154,664
76,234,896
76,21,354
76,24,855
76,255,676
76,44,546
76,191,352
76,262,478
76,220,353
76,112,311
76,221,1922
76,236,1219
76,104,362
266,54,330
290,54,2377
290,47,547
290,17,8
290,244,490
290,75,512
290,294,150
290,188,530
290,213,492
290,128,345
290,10,181
290,227,358
290,216,620
290,109,1099
290,106,546
290,57,20
290,67,739
290,142,519
290,71,864
290,94,1280
290,197,462
290,223,1144
290,114,374
290,287,691
290,210,280
290,174,165
290,39,544
290,41,182
290,11,529
290,118,545
290,242,544
290,275,1620
290,97,547
290,176,542
290,256,542
290,267,447
290,49,188
290,79,546
290,72,80
290,179,858
290,158,520
290,70,541
290,239,782
290,161,546
290,55,417
290,235,486
290,58,308
290,111,546
290,250,180
290,293,1446
290,110,520
290,4,515
290,125,473
290,245,1981
290,103,60
290,52,546
290,35,519
290,296,462
290,153,518
290,283,546
290,140,530
290,147,126
290,154,43
290,234,60
290,21,521
290,73,279
290,24,487
290,255,195
290,44,84
290,138,544
290,81,546
290,62,26
290,221,545
290,135,546
290,236,481
290,259,546
290,30,546
290,146,546
290,270,525
137,54,10
137,94,728
137,275,1322
252,71,182
252,49,114
252,162,1
252,273,815
252,296,210
252,178,1
252,134,1
252,186,1
252,44,1359
252,262,361
252,291,1
161,54,1205
161,275,183
161,290,546
139,54,460
139,294,2
139,213,1851
139,216,592
139,109,377
139,67,440
139,142,137
139,223,499
139,287,720
139,210,61
139,93,212
139,49,182
139,239,866
139,76,854
139,245,586
139,35,1179
139,296,182
139,236,374
55,54,3334
55,17,182
55,75,364
55,294,1091
55,213,489
55,216,222
55,109,1828
55,106,234
55,67,624
55,142,1454
55,71,472
55,94,1636
55,223,739
55,217,37
55,287,1465
55,210,1
55,11,212
55,93,284
55,275,1430
55,176,211
55,267,29
55,78,1285
55,49,419
55,79,1268
55,179,1776
55,70,52
55,239,1092
55,76,115
55,290,417
55,293,525
55,110,546
55,245,1639
55,103,152
55,35,1143
55,296,182
55,153,174
55,140,546
55,147,151
55,24,181
55,255,182
55,44,545
55,62,1272
55,221,364
55,169,364
55,129,182
55,135,318
55,236,910
55,270,154
235,187,1
235,54,1781
235,133,441
235,175,1
235,17,373
235,75,310
235,294,80
235,213,771
235,216,1027
235,109,203
235,106,570
235,67,623
235,159,160
235,157,280
235,142,59
235,71,693
235,94,343
235,197,233
235,223,969
235,287,1405
235,170,1
235,65,363
235,184,306
235,41,529
235,275,836
235,176,282
235,49,222
235,79,109
235,179,165
235,70,2
235,239,364
235,290,486
235,288,147
235,276,173
235,250,589
235,293,1708
235,125,312
235,245,1732
235,35,420
235,296,508
235,153,636
235,140,364
235,154,95
235,234,41
235,24,147
235,255,56
235,44,53
235,262,6
235,221,207
235,236,93
288,65,50
288,41,24
288,235,147
48,54,1020
48,179,2
58,54,1258
58,71,274
58,94,255
58,223,450
58,49,51
58,239,100
58,290,308
58,293,304
58,245,1243
219,54,491
219,94,520
219,275,333
111,54,1136
111,94,646
111,275,753
111,290,546
111,245,155
162,295,1
162,79,679
162,2,1
162,168,1
162,44,804
74,293,545
276,184,165
276,235,172
276,245,156
208,71,182
208,49,14
208,79,1425
208,180,324
208,2,178
208,296,424
208,234,331
208,44,1230
208,262,6
250,54,201
250,133,1
250,216,157
250,67,2
250,142,104
250,71,427
250,94,394
250,197,1
250,223,799
250,287,156
250,179,311
250,70,181
250,290,180
250,235,587
250,293,730
250,245,2514
250,68,1
224,71,509
224,293,90
224,245,30
224,86,2
224,44,3
224,262,909
293,292,325
293,269,57
293,100,160
293,171,378
293,54,2597
293,133,89
293,47,54
293,123,182
293,143,182
293,17,503
293,271,4
293,115,400
293,102,649
293,285,26
293,75,359
293,121,378
293,294,766
293,195,26
293,87,116
293,213,530
293,264,449
293,227,20
293,261,316
293,216,964
293,109,861
293,106,546
293,141,156
293,57,325
293,85,31
293,67,950
293,159,13
293,157,343
293,142,1087
293,71,2641
293,94,1494
293,27,793
293,197,415
293,223,2749
293,217,97
293,287,1692
293,90,79
293,170,965
293,193,112
293,210,319
293,65,173
293,163,918
293,194,60
293,218,395
293,229,703
293,184,790
293,41,892
293,11,182
293,16,166
293,108,97
293,130,182
293,124,182
293,93,453
293,275,1269
293,97,364
293,230,182
293,176,901
293,211,26
293,95,26
293,267,156
293,78,585
293,149,156
293,49,1410
293,79,1197
293,179,1541
293,158,156
293,19,106
293,181,236
293,199,60
293,70,1039
293,239,1122
293,205,150
293,76,908
293,290,1272
293,55,525
293,235,1795
293,58,311
293,74,545
293,250,729
293,224,91
293,28,20
293,4,301
293,125,671
293,245,4669
293,103,122
293,273,721
293,35,836
293,296,1877
293,153,530
293,83,122
293,182,6
293,277,490
293,140,361
293,167,58
293,147,242
293,45,134
293,265,617
293,154,440
293,234,687
293,21,190
293,73,20
293,59,182
293,24,405
293,255,1068
293,44,963
293,138,182
293,191,359
293,62,26
293,262,1209
293,220,395
293,116,532
293,237,1
293,221,1001
293,6,121
293,236,573
293,259,364
293,104,240
293,0,181
293,30,182
293,270,359
110,54,2362
110,47,332
110,244,510
110,75,481
110,294,74
110,213,199
110,216,30
110,109,734
110,106,1
110,67,81
110,278,1039
110,142,246
110,71,532
110,94,1239
110,223,53
110,287,585
110,210,245
110,37,1886
110,93,396
110,275,2196
110,176,10
110,267,354
110,78,539
110,49,363
110,79,513
110,179,261
110,70,349
110,239,757
110,76,199
110,290,520
110,55,545
110,293,16
110,4,1
110,245,880
110,35,518
110,296,182
110,140,355
110,21,327
110,262,171
110,236,557
110,291,1
42,54,26
42,71,864
42,94,136
42,287,19
42,275,141
42,79,14
42,245,14
42,262,136
28,54,851
28,294,19
28,109,1095
28,67,4
28,223,182
28,287,162
28,93,301
28,66,1
28,179,60
28,293,20
28,35,1
200,54,523
43,292,495
43,54,88
43,47,52
43,75,182
43,121,330
43,294,225
43,12,2808
43,71,1740
43,94,539
43,210,13
43,218,362
43,124,60
43,37,346
43,93,425
43,275,530
43,78,563
43,190,4
43,49,2549
43,79,4063
43,180,866
43,70,338
43,76,886
43,160,60
43,2,1966
43,245,59
43,273,1419
43,296,2180
43,168,676
43,234,3043
43,255,2567
43,262,1575
43,116,2107
43,104,183
160,71,78
160,94,182
160,124,6244
160,297,182
160,190,741
160,79,958
160,281,60
160,43,60
160,273,182
160,296,324
160,234,217
160,255,182
160,44,427
160,262,179
160,220,60
160,116,60
4,292,179
4,54,913
4,47,87
4,298,1
4,213,182
4,216,21
4,67,436
4,278,845
4,71,1393
4,94,1441
4,223,308
4,287,178
4,37,685
4,275,1357
4,49,267
4,79,302
4,70,613
4,239,9
4,290,515
4,293,273
4,2,179
4,245,1078
4,296,871
4,234,251
4,21,89
4,262,382
4,220,175
4,221,347
4,259,1
125,292,1
125,54,851
125,133,1
125,244,1
125,216,257
125,57,1
125,67,498
125,71,1225
125,94,869
125,197,1
125,223,675
125,287,476
125,184,1
125,275,1074
125,49,544
125,19,1
125,239,9
125,76,1027
125,290,473
125,235,310
125,293,671
125,2,253
125,245,2111
125,296,1068
125,234,263
125,262,368
125,221,517
125,104,177
260,171,364
260,198,182
2,292,330
2,54,464
2,47,254
2,75,182
2,121,351
2,57,350
2,71,817
2,94,894
2,60,266
2,145,178
2,218,328
2,279,1
2,275,544
2,78,183
2,49,1872
2,79,24
2,70,252
2,208,177
2,43,1964
2,4,179
2,125,253
2,273,60
2,296,3010
2,168,194
2,234,2
2,21,342
2,255,712
2,44,861
2,191,1474
2,262,930
2,220,1981
2,259,178
2,104,354
245,187,694
245,292,297
245,269,910
245,171,242
245,282,274
245,54,3665
245,133,1179
245,47,1341
245,175,358
245,143,1312
245,17,1746
245,244,881
245,115,31
245,298,1147
245,75,1996
245,121,380
245,294,3476
245,188,160
245,195,374
245,87,1705
245,213,1767
245,264,196
245,128,709
245,36,518
245,10,380
245,227,708
245,261,2015
245,216,2346
245,109,2972
245,106,2350
245,98,1321
245,57,731
245,85,26
245,99,364
245,67,2991
245,159,632
245,157,1061
245,122,699
245,142,3632
245,71,2967
245,94,4148
245,197,2496
245,223,3754
245,217,137
245,60,364
245,114,1019
245,287,3566
245,170,681
245,193,29
245,210,1032
245,65,705
245,163,876
245,194,1580
245,218,186
245,279,13
245,39,159
245,184,1833
245,41,1806
245,11,537
245,118,874
245,16,5
245,108,183
245,124,364
245,131,1906
245,242,350
245,93,1482
245,275,2679
245,97,1563
245,176,2039
245,95,254
245,256,156
245,267,910
245,78,1984
245,149,754
245,49,2717
245,79,3552
245,72,1081
245,179,5376
245,180,355
245,158,872
245,19,709
245,181,749
245,199,690
245,70,1924
245,239,2006
245,205,917
245,290,1981
245,139,586
245,55,1638
245,235,1641
245,58,1302
245,111,155
245,276,156
245,250,2436
245,224,30
245,293,4875
245,110,921
245,42,14
245,43,59
245,160,135
245,4,1020
245,125,2104
245,103,602
245,206,442
245,273,1166
245,35,3309
245,296,2629
245,253,1735
245,153,1898
245,283,228
245,83,330
245,182,974
245,120,167
245,277,79
245,140,1569
245,147,977
245,168,182
245,196,273
245,45,1142
245,265,1236
245,154,430
245,234,1713
245,21,943
245,73,623
245,59,1140
245,24,1792
245,255,2388
245,44,2698
245,138,1338
245,81,156
245,191,782
245,62,605
245,262,1439
245,220,609
245,116,1376
245,237,604
245,221,2323
245,169,62
245,284,1190
245,136,691
245,236,1226
245,259,1110
245,104,499
245,0,1083
245,30,854
245,146,172
245,270,1512
103,54,1362
103,75,52
103,121,1
103,294,193
103,213,860
103,216,2
103,109,931
103,67,312
103,94,546
103,223,585
103,287,285
103,93,414
103,275,463
103,267,363
103,78,33
103,49,182
103,239,380
103,76,367
103,290,59
103,55,152
103,293,123
103,245,519
103,236,182
198,171,182
198,260,363
107,79,655
107,83,1
206,54,2128
206,17,189
206,294,1028
206,213,749
206,216,196
206,109,1018
206,106,5
206,67,283
206,142,503
206,71,95
206,94,441
206,223,274
206,287,1637
206,131,555
206,275,715
206,177,553
206,78,1467
206,49,62
206,179,1093
206,245,441
206,35,1022
206,153,4
206,289,296
206,236,674
273,292,182
273,171,240
273,54,521
273,121,513
273,294,182
273,12,60
273,109,28
273,67,178
273,71,2205
273,94,797
273,223,66
273,203,830
273,287,265
273,218,659
273,124,364
273,93,183
273,275,608
273,78,364
273,49,1818
273,79,1805
273,70,182
273,239,182
273,76,414
273,252,815
273,293,721
273,43,1412
273,160,182
273,2,60
273,245,1062
273,35,149
273,296,1991
273,83,116
273,134,874
273,168,628
273,234,708
273,255,1323
273,44,1573
273,191,1205
273,262,1701
273,220,1295
273,116,719
52,54,1297
52,67,27
52,239,106
52,290,546
14,54,1994
14,294,352
14,210,170
14,179,379
14,239,182
14,236,95
35,269,182
35,54,3369
35,133,1
35,47,106
35,17,235
35,75,495
35,294,3187
35,87,182
35,213,325
35,216,309
35,109,1752
35,106,493
35,67,758
35,142,268
35,71,1402
35,94,1746
35,223,1346
35,210,1679
35,41,1
35,37,349
35,93,228
35,275,867
35,176,578
35,267,825
35,78,353
35,49,1452
35,79,1149
35,179,4
35,239,3608
35,76,1342
35,290,519
35,139,1172
35,55,1144
35,235,419
35,293,836
35,110,562
35,245,3496
35,103,134
35,206,1023
35,273,150
35,296,1437
35,153,1574
35,182,1239
35,140,1639
35,147,230
35,154,689
35,234,404
35,21,106
35,255,292
35,44,1054
35,62,801
35,262,349
35,220,28
35,221,212
35,169,153
35,284,178
35,236,1766
296,292,2676
296,171,182
296,282,109
296,54,2536
296,47,1397
296,17,182
296,295,634
296,244,182
296,75,640
296,121,338
296,294,538
296,87,182
296,12,2514
296,213,1073
296,26,43
296,216,609
296,109,1097
296,106,555
296,57,688
296,67,277
296,142,546
296,71,4174
296,94,2702
296,263,396
296,197,398
296,223,1511
296,60,2083
296,203,249
296,287,1350
296,145,853
296,23,952
296,210,364
296,218,391
296,279,518
296,124,467
296,37,839
296,93,392
296,275,2214
296,97,364
296,176,732
296,78,1203
296,190,197
296,49,5516
296,79,5261
296,180,856
296,281,168
296,158,182
296,70,1114
296,239,546
296,76,1419
296,290,462
296,252,210
296,139,182
296,55,182
296,235,507
296,208,425
296,293,1874
296,110,182
296,43,2121
296,160,324
296,4,878
296,125,1061
296,2,3009
296,245,2636
296,273,1993
296,35,1439
296,153,546
296,83,896
296,182,182
296,140,367
296,168,1441
296,234,4067
296,21,1400
296,186,847
296,9,567
296,24,182
296,255,2701
296,44,2363
296,191,2103
296,262,3828
296,220,2104
296,116,2762
296,221,1412
296,212,166
296,236,546
296,259,511
296,104,1973
296,25,975
253,54,380
253,71,181
253,94,267
253,223,350
253,131,1
253,19,1
253,245,1735
86,262,883
153,54,2239
153,294,368
153,213,534
153,109,1164
153,67,811
153,142,6
153,71,498
153,94,1067
153,223,807
153,287,464
153,210,270
153,184,1
153,93,432
153,275,867
153,78,1205
153,49,680
153,79,147
153,179,468
153,70,250
153,239,1252
153,76,1045
153,290,520
153,55,174
153,235,636
153,293,573
153,245,1915
153,206,4
153,35,2035
153,296,546
153,154,107
153,44,136
153,62,1
153,262,169
153,236,506
53,223,115
119,44,336
283,54,2186
283,109,372
283,94,983
283,210,56
283,275,366
283,239,146
283,290,546
283,245,229
283,236,52
238,71,520
238,262,850
238,291,1
156,287,17
156,210,45
156,78,182
156,239,182
164,274,182
164,214,182
83,71,611
83,94,546
83,145,1
83,279,1
83,275,216
83,49,694
83,79,1414
83,293,122
83,2,1
83,245,331
83,273,117
83,296,896
83,255,425
83,44,921
83,262,534
83,291,1
182,54,754
182,17,1
182,75,182
182,294,2
182,213,2002
182,216,170
182,109,654
182,67,469
182,142,341
182,223,627
182,287,721
182,210,182
182,93,226
182,78,296
182,49,182
182,239,1105
182,76,688
182,293,6
182,245,974
182,35,1241
182,296,182
182,236,555
120,54,485
120,294,1
120,213,440
120,216,70
120,109,153
120,67,364
120,223,23
120,287,697
120,93,160
120,78,773
120,239,300
120,245,127
277,71,1139
277,293,490
277,245,79
277,262,358
277,291,1
178,186,1
178,44,893
178,220,1
134,71,4
134,230,1
134,273,872
134,44,540
134,262,356
140,54,2538
140,47,168
140,17,557
140,244,160
140,75,834
140,294,1689
140,213,1028
140,216,157
140,109,1168
140,106,316
140,67,693
140,142,1410
140,71,226
140,94,1161
140,223,663
140,287,1489
140,210,327
140,184,1
140,93,838
140,275,1008
140,176,338
140,267,505
140,78,1743
140,49,362
140,79,7
140,179,1859
140,70,569
140,239,913
140,76,692
140,290,530
140,55,546
140,235,364
140,293,361
140,110,356
140,245,1569
140,35,1649
140,296,366
140,21,178
140,24,342
140,262,176
140,221,174
140,236,537
140,270,104
68,71,290
167,293,58
147,54,2187
147,294,349
147,216,464
147,109,849
147,67,492
147,142,2
147,94,520
147,223,499
147,287,822
147,210,182
147,275,482
147,78,772
147,179,476
147,239,206
147,290,126
147,55,152
147,293,242
147,245,977
147,103,1
147,35,230
233,71,184
168,54,115
168,121,512
168,12,1
168,71,664
168,94,546
168,218,177
168,275,300
168,49,2397
168,79,1105
168,180,350
168,76,182
168,43,659
168,2,195
168,245,182
168,273,628
168,296,1451
168,86,1
168,234,364
168,255,459
168,44,1009
168,191,685
168,262,882
168,116,60
168,104,178
196,54,761
196,213,1
196,109,1
196,223,369
196,93,253
196,250,1
196,245,346
45,54,1266
45,294,1
45,213,443
45,216,466
45,109,226
45,67,463
45,94,85
45,223,652
45,287,588
45,210,114
45,93,232
45,78,1223
45,49,79
45,239,385
45,293,135
45,245,1131
45,236,182
204,94,437
265,223,127
265,293,593
265,245,1235
154,54,2176
154,17,120
154,294,1090
154,87,216
154,213,641
154,36,88
154,216,377
154,109,966
154,106,85
154,67,326
154,142,443
154,71,222
154,94,461
154,223,751
154,287,1175
154,65,93
154,131,337
154,275,582
154,176,643
154,177,191
154,78,1111
154,179,167
154,70,5
154,239,717
154,76,665
154,290,43
154,55,2
154,235,94
154,293,441
154,245,430
154,206,1
154,35,691
154,153,107
154,221,182
234,292,529
234,54,1446
234,47,348
234,295,178
234,75,362
234,121,357
234,294,364
234,213,364
234,216,26
234,109,358
234,57,358
234,67,337
234,71,2544
234,94,1793
234,223,296
234,60,182
234,287,561
234,145,420
234,218,349
234,124,203
234,37,182
234,93,719
234,275,1175
234,78,788
234,190,23
234,49,2862
234,79,5619
234,281,31
234,70,347
234,239,13
234,76,898
234,290,60
234,235,41
234,208,333
234,293,689
234,43,3037
234,160,216
234,4,254
234,125,266
234,2,3
234,245,1534
234,273,708
234,35,404
234,296,4051
234,168,363
234,21,287
234,255,1335
234,44,3378
234,191,2672
234,262,1247
234,220,2344
234,221,182
234,259,177
234,104,707
21,292,327
21,13,1
21,54,1310
21,47,2
21,75,339
21,213,364
21,216,170
21,109,115
21,67,497
21,278,2507
21,71,1197
21,94,2590
21,223,359
21,60,673
21,287,478
21,37,1319
21,201,336
21,93,89
21,275,1887
21,176,57
21,49,813
21,79,891
21,70,446
21,239,372
21,76,360
21,290,521
21,293,191
21,110,325
21,4,87
21,2,344
21,245,1037
21,35,106
21,296,1385
21,140,176
21,234,287
21,44,182
21,262,348
21,220,175
21,221,182
21,236,182
21,259,89
21,104,178
73,54,1991
73,294,89
73,227,1
73,216,195
73,109,765
73,67,375
73,94,364
73,223,267
73,287,581
73,93,640
73,275,493
73,267,3
73,179,499
73,290,278
73,293,20
73,245,624
186,71,456
186,94,182
186,49,134
186,79,2344
186,208,1
186,296,847
186,44,1560
186,191,592
186,262,330
59,54,527
59,67,1
59,223,734
59,293,182
59,245,1139
9,145,1
9,49,94
9,79,1462
9,208,2
9,296,567
9,44,874
9,262,187
249,171,182
249,258,182
268,54,122
268,67,9
268,223,182
24,54,1325
24,244,336
24,294,81
24,213,797
24,216,342
24,109,333
24,67,276
24,71,271
24,94,729
24,223,656
24,287,507
24,275,141
24,49,182
24,179,342
24,239,348
24,76,848
24,290,487
24,55,182
24,235,146
24,293,432
24,245,1789
24,296,182
24,140,342
24,262,3
24,237,1
24,221,501
24,236,304
255,292,354
255,171,2953
255,54,1142
255,47,84
255,75,182
255,121,568
255,294,486
255,12,704
255,213,112
255,216,124
255,109,210
255,67,378
255,142,364
255,71,3342
255,94,1989
255,223,572
255,287,958
255,90,453
255,218,2191
255,124,866
255,93,546
255,275,1162
255,176,26
255,78,874
255,274,566
255,185,607
255,49,2552
255,79,3507
255,180,625
255,281,182
255,70,182
255,239,364
255,76,694
255,290,194
255,55,182
255,235,56
255,293,1068
255,43,2595
255,160,364
255,2,712
255,245,2245
255,273,1323
255,35,292
255,296,2703
255,83,427
255,168,459
255,234,1336
255,44,2593
255,34,26
255,191,1820
255,262,1735
255,220,1750
255,116,1465
255,221,267
255,104,204
44,292,252
44,150,1251
44,171,57
44,282,51
44,54,1464
44,47,242
44,295,517
44,121,899
44,294,1379
44,12,1003
44,213,182
44,264,17
44,183,343
44,165,694
44,216,223
44,109,707
44,57,181
44,67,381
44,71,2363
44,94,1729
44,223,571
44,203,969
44,287,1497
44,145,1204
44,193,3
44,279,2
44,124,1170
44,93,1439
44,275,1322
44,230,1
44,176,75
44,78,3575
44,190,364
44,49,3578
44,79,7187
44,281,227
44,239,182
44,76,546
44,290,84
44,252,1358
44,55,546
44,235,53
44,162,826
44,208,1214
44,224,3
44,293,988
44,160,427
44,2,863
44,245,2851
44,273,1579
44,35,1234
44,296,2366
44,153,136
44,119,337
44,83,920
44,178,895
44,134,539
44,168,1008
44,234,3170
44,21,182
44,186,1563
44,9,873
44,255,2587
44,262,2150
44,220,1143
44,105,2
44,116,1961
44,221,266
44,104,182
44,291,2
138,54,507
138,75,2
138,67,184
138,71,526
138,94,1612
138,223,182
138,163,1
138,290,544
138,293,182
138,245,1372
138,221,182
88,132,1
88,79,361
88,86,1
88,83,1
88,262,1444
88,291,1
81,54,860
81,94,1790
81,223,182
81,275,531
81,290,546
81,245,156
34,274,366
34,185,182
34,255,85
191,54,322
191,47,489
191,294,182
191,12,1690
191,71,1624
191,94,1147
191,287,136
191,145,1
191,124,182
191,93,182
191,275,501
191,78,237
191,49,2165
191,79,4838
191,180,123
191,76,352
191,293,359
191,2,1469
191,245,787
191,273,1205
191,296,2074
191,168,686
191,234,2656
191,186,591
191,255,1822
191,44,1
191,262,695
191,105,1
191,116,2678
50,94,812
62,54,938
62,17,182
62,294,814
62,213,181
62,216,21
62,109,439
62,94,546
62,223,155
62,287,930
62,210,546
62,93,536
62,275,398
62,78,1863
62,79,63
62,239,1206
62,290,26
62,55,1272
62,293,26
62,245,665
62,35,801
62,153,1
62,169,182
62,236,182
262,292,1157
262,150,46
262,171,226
262,282,355
262,54,1517
262,47,320
262,295,268
262,244,5
262,115,977
262,248,120
262,75,114
262,121,1701
262,294,363
262,38,345
262,12,1032
262,213,364
262,264,1040
262,132,329
262,216,167
262,109,155
262,106,158
262,272,363
262,57,520
262,85,604
262,67,848
262,7,1
262,142,182
262,71,4574
262,94,1583
262,263,285
262,197,3
262,223,208
262,152,859
262,60,120
262,203,354
262,287,446
262,90,31
262,170,95
262,145,442
262,193,849
262,210,177
262,163,7
262,218,982
262,279,551
262,16,524
262,108,238
262,130,636
262,124,182
262,93,289
262,275,1466
262,230,1021
262,95,769
262,78,878
262,49,2683
262,79,2624
262,3,1
262,179,17
262,180,1245
262,158,18
262,243,306
262,70,528
262,239,358
262,76,479
262,252,363
262,235,5
262,208,6
262,224,913
262,293,1204
262,110,170
262,42,136
262,43,1577
262,84,1
262,160,179
262,4,380
262,125,365
262,2,934
262,245,1441
262,273,1709
262,35,349
262,296,3813
262,86,884
262,153,169
262,238,852
262,83,537
262,277,358
262,134,357
262,140,176
262,168,884
262,234,1243
262,21,349
262,186,333
262,9,188
262,24,2
262,255,1739
262,44,1966
262,138,1
262,88,1444
262,191,695
262,202,331
262,220,831
262,116,936
262,221,681
262,148,1516
262,236,180
262,259,362
262,104,848
262,291,1054
262,225,56
262,270,4
262,215,236
262,25,340
202,262,330
202,291,2
220,292,356
220,150,310
220,54,336
220,295,178
220,12,1784
220,109,28
220,57,327
220,71,1495
220,94,735
220,218,305
220,124,182
220,93,182
220,275,545
220,78,183
220,49,2078
220,79,3195
220,180,363
220,70,182
220,76,354
220,293,395
220,160,59
220,4,178
220,2,1981
220,245,608
220,273,1295
220,35,28
220,296,2085
220,178,1
220,234,2329
220,21,177
220,186,1
220,255,1746
220,44,1142
220,262,832
220,116,1295
220,259,177
220,104,357
105,79,872
116,54,678
116,47,182
116,67,134
116,71,1612
116,94,1850
116,287,460
116,124,64
116,275,957
116,190,36
116,49,2084
116,79,33
116,281,23
116,293,532
116,43,2113
116,160,60
116,245,1350
116,273,717
116,296,2763
116,168,60
116,234,1
116,255,1465
116,44,1999
116,191,2693
116,262,935
116,220,1290
116,221,182
237,93,139
237,245,604
144,94,1221
112,54,1743
112,294,23
112,213,167
112,216,118
112,109,128
112,67,336
112,142,12
112,223,190
112,287,335
112,275,7
112,176,105
112,78,303
112,179,74
112,76,311
112,221,37
112,236,2
221,292,182
221,54,1952
221,47,95
221,244,182
221,75,160
221,294,422
221,213,844
221,216,467
221,109,560
221,106,335
221,67,162
221,278,1345
221,142,646
221,71,1058
221,94,1874
221,223,1289
221,287,805
221,210,288
221,37,684
221,275,563
221,78,342
221,49,777
221,79,910
221,179,821
221,158,329
221,70,949
221,239,1263
221,76,1913
221,290,545
221,55,364
221,235,208
221,293,999
221,4,347
221,125,527
221,245,2141
221,35,212
221,296,1411
221,140,173
221,154,182
221,234,182
221,21,182
221,24,501
221,255,267
221,44,267
221,138,182
221,262,689
221,116,181
221,112,38
221,236,548
221,259,389
169,54,245
169,294,65
169,109,234
169,287,151
169,78,236
169,179,9
169,55,364
169,35,153
169,62,355
129,54,42
129,109,18
129,267,2
129,161,1
129,55,182
148,262,1536
148,291,1
6,293,122
289,54,1009
289,17,1
289,294,1
289,223,359
289,210,292
289,239,522
289,206,296
289,236,170
284,54,739
284,36,1
284,216,398
284,109,364
284,67,507
284,142,156
284,94,86
284,223,569
284,287,626
284,210,182
284,93,294
284,78,899
284,239,207
284,245,1117
284,35,177
212,296,166
135,54,1067
135,109,94
135,210,77
135,275,347
135,239,73
135,290,546
135,55,318
135,236,100
136,54,120
136,67,1
136,245,691
236,292,182
236,269,199
236,54,3678
236,47,182
236,17,694
236,244,537
236,75,883
236,294,1093
236,87,362
236,213,1791
236,36,176
236,216,494
236,109,1477
236,106,554
236,67,566
236,157,104
236,142,820
236,71,979
236,94,1433
236,223,908
236,287,1643
236,210,1538
236,65,104
236,39,182
236,37,715
236,93,993
236,275,1017
236,176,895
236,177,555
236,267,509
236,78,1724
236,49,586
236,79,285
236,179,926
236,70,360
236,239,1
236,76,1204
236,290,481
236,139,373
236,55,910
236,235,93
236,293,574
236,110,556
236,245,1195
236,103,182
236,206,675
236,14,95
236,35,1763
236,296,546
236,153,506
236,283,52
236,182,554
236,140,545
236,45,182
236,21,182
236,24,304
236,62,182
236,262,180
236,221,554
236,289,170
236,135,100
126,54,878
126,109,2
126,67,174
259,292,178
259,282,1
259,54,992
259,47,90
259,67,497
259,278,1148
259,71,723
259,94,1705
259,223,364
259,287,177
259,279,2
259,37,649
259,275,982
259,49,199
259,79,22
259,70,458
259,239,9
259,290,546
259,293,364
259,4,1
259,125,1
259,2,176
259,245,1109
259,296,513
259,253,1
259,234,177
259,21,88
259,262,360
259,220,174
259,221,387
259,270,1
113,54,10
104,292,363
104,54,341
104,47,179
104,109,28
104,71,1044
104,94,1355
104,60,88
104,287,152
104,218,151
104,93,112
104,275,885
104,78,132
104,49,1251
104,79,2183
104,70,177
104,76,362
104,293,241
104,43,182
104,125,178
104,2,358
104,245,499
104,296,1813
104,83,1
104,168,175
104,234,706
104,21,179
104,255,204
104,44,182
104,262,848
104,220,354
0,67,12
0,71,26
0,223,589
0,179,11
0,250,1
0,293,181
0,245,1084
291,262,1036
291,148,2
46,94,637
5,94,909
30,54,1180
30,47,3
30,216,247
30,67,543
30,71,321
30,94,714
30,223,712
30,287,296
30,275,656
30,179,308
30,70,1
30,239,66
30,290,728
30,293,182
30,245,855
77,54,455
146,54,1465
146,67,81
146,94,959
146,275,246
146,179,2
146,290,546
146,245,172
214,185,182
214,164,182
225,262,56
270,54,864
270,36,1
270,57,1
270,67,33
270,142,155
270,71,348
270,94,1387
270,223,183
270,287,274
270,170,1
270,275,724
270,79,181
270,72,1
270,179,385
270,290,525
270,55,154
270,293,359
270,245,1510
270,140,104
270,68,1
270,138,1
270,262,4
222,29,182
222,274,182
215,262,237
25,279,1
25,92,317
25,49,79
25,79,507
25,296,974
25,262,339
